[
  {
    "id": "043160ff-e0a8-4ebf-bf69-dcf5ecadb23c",
    "data": [
      {
        "text": "काफ़ी दिनों से बात नहीं हुई",
        "userDefined": false
      }
    ],
    "isTemplate": false,
    "count": 0,
    "lang": "hi",
    "updated": 0
  },
  {
    "id": "b484315f-ffe5-4fe3-8e24-41b878b95fbd",
    "data": [
      {
        "text": "नमस्कार",
        "userDefined": false
      }
    ],
    "isTemplate": false,
    "count": 1,
    "lang": "hi",
    "updated": 0
  },
  {
    "id": "3e575793-d585-4e17-bdc7-629b240b770d",
    "data": [
      {
        "text": "नमस्ते",
        "userDefined": false
      }
    ],
    "isTemplate": false,
    "count": 3,
    "lang": "hi",
    "updated": 0
  },
  {
    "id": "4cfc0403-1fbc-4b01-b386-3a9cd12b52e7",
    "data": [
      {
        "text": "क्या हाल है",
        "userDefined": false
      }
    ],
    "isTemplate": false,
    "count": 0,
    "lang": "hi",
    "updated": 0
  },
  {
    "id": "85fdbd55-2034-4a96-af33-b0a37956af04",
    "data": [
      {
        "text": "सुनो, क्या हाल है",
        "userDefined": false
      }
    ],
    "isTemplate": false,
    "count": 0,
    "lang": "hi",
    "updated": 0
  },
  {
    "id": "f7d05728-a606-4c34-beb6-112f77371a60",
    "data": [
      {
        "text": "मेरी तरफ़ से नमस्ते",
        "userDefined": false
      }
    ],
    "isTemplate": false,
    "count": 0,
    "lang": "hi",
    "updated": 0
  }
]