[
  {
    "id": "36d42fc8-3acb-4a81-be0b-e59c870466cd",
    "data": [
      {
        "text": "ga",
        "userDefined": false
      }
    ],
    "isTemplate": false,
    "count": 0,
    "lang": "en",
    "updated": 0
  },
  {
    "id": "2f425fa7-d9fd-4208-86f0-1c167de775ff",
    "data": [
      {
        "text": "Good afternoon kuttu",
        "userDefined": false
      }
    ],
    "isTemplate": false,
    "count": 0,
    "lang": "en",
    "updated": 0
  },
  {
    "id": "caae0ce1-0500-49cc-b079-2edd233a2691",
    "data": [
      {
        "text": "good afternoon",
        "userDefined": false
      }
    ],
    "isTemplate": false,
    "count": 0,
    "lang": "en",
    "updated": 0
  }
]