[
  {
    "id": "ec96a257-c4a4-4794-9a00-e6bfc9311ebe",
    "data": [
      {
        "text": "ge",
        "userDefined": false
      }
    ],
    "isTemplate": false,
    "count": 0,
    "lang": "en",
    "updated": 0
  },
  {
    "id": "b103a163-b3ae-490e-859d-205dfeb38c8c",
    "data": [
      {
        "text": "Good evening",
        "userDefined": false
      }
    ],
    "isTemplate": false,
    "count": 0,
    "lang": "en",
    "updated": 0
  },
  {
    "id": "f4913fe1-a5e1-4cfd-a8ba-f93f8b86263a",
    "data": [
      {
        "text": "Good evening kuttu",
        "userDefined": false
      }
    ],
    "isTemplate": false,
    "count": 0,
    "lang": "en",
    "updated": 0
  }
]