[
  {
    "id": "ec5e04bd-407b-4dd1-98ad-58083bbfcbc2",
    "data": [
      {
        "text": "gajab",
        "userDefined": false
      }
    ],
    "isTemplate": false,
    "count": 0,
    "lang": "en",
    "updated": 0
  },
  {
    "id": "c4fddb08-2c57-47ee-b85e-e0e2d8ff9513",
    "data": [
      {
        "text": "funny",
        "userDefined": false
      }
    ],
    "isTemplate": false,
    "count": 0,
    "lang": "en",
    "updated": 0
  },
  {
    "id": "100eaad4-107a-4f44-bf62-32d100f11286",
    "data": [
      {
        "text": "lots of fun",
        "userDefined": false
      }
    ],
    "isTemplate": false,
    "count": 0,
    "lang": "en",
    "updated": 0
  },
  {
    "id": "328b6437-0185-4333-9b5c-61316bf26d0c",
    "data": [
      {
        "text": "great",
        "userDefined": false
      }
    ],
    "isTemplate": false,
    "count": 0,
    "lang": "en",
    "updated": 0
  },
  {
    "id": "70523916-76e9-4e9b-bc40-0d943331dae5",
    "data": [
      {
        "text": "super",
        "userDefined": false
      }
    ],
    "isTemplate": false,
    "count": 0,
    "lang": "en",
    "updated": 0
  },
  {
    "id": "1b89180d-f90d-4ca0-bb62-be55e3ca957c",
    "data": [
      {
        "text": "good",
        "userDefined": false
      }
    ],
    "isTemplate": false,
    "count": 0,
    "lang": "en",
    "updated": 0
  }
]