[
  {
    "id": "ae5ae880-d75f-49e8-a860-8d1017356f64",
    "data": [
      {
        "text": "gm",
        "userDefined": false
      }
    ],
    "isTemplate": false,
    "count": 0,
    "lang": "en",
    "updated": 0
  },
  {
    "id": "546a763a-625f-4b98-802f-7650669c38db",
    "data": [
      {
        "text": "Good morning kuttu",
        "userDefined": false
      }
    ],
    "isTemplate": false,
    "count": 0,
    "lang": "en",
    "updated": 0
  },
  {
    "id": "a9f67090-dd2f-4af6-b2d3-4cc644fa7688",
    "data": [
      {
        "text": "Good morning",
        "userDefined": false
      }
    ],
    "isTemplate": false,
    "count": 0,
    "lang": "en",
    "updated": 0
  }
]