[
  {
    "id": "9eb10325-7082-47f3-967d-db4efc4b368d",
    "data": [
      {
        "text": "can you give me something to eat",
        "userDefined": false
      }
    ],
    "isTemplate": false,
    "count": 0,
    "lang": "en",
    "updated": 0
  },
  {
    "id": "85090e06-89ed-4322-953b-2a885fe54a8c",
    "data": [
      {
        "text": "i want to eat something",
        "userDefined": false
      }
    ],
    "isTemplate": false,
    "count": 0,
    "lang": "en",
    "updated": 0
  },
  {
    "id": "d385972c-0dc7-4454-ac4f-e37389f7bc8d",
    "data": [
      {
        "text": "can u show me the menu?",
        "userDefined": false
      }
    ],
    "isTemplate": false,
    "count": 0,
    "lang": "en",
    "updated": 0
  },
  {
    "id": "d76692bb-f574-4968-a7f6-3a84d6bc38a9",
    "data": [
      {
        "text": "may i get the menu plz",
        "userDefined": false
      }
    ],
    "isTemplate": false,
    "count": 0,
    "lang": "en",
    "updated": 0
  },
  {
    "id": "94102649-4dd4-4f35-83d3-883cd384bd06",
    "data": [
      {
        "text": "which is the most tasty dish?",
        "userDefined": false
      }
    ],
    "isTemplate": false,
    "count": 0,
    "lang": "en",
    "updated": 0
  },
  {
    "id": "a7aad668-f82f-47a7-8584-4fde49783f05",
    "data": [
      {
        "text": "which dish do you like to prefer?",
        "userDefined": false
      }
    ],
    "isTemplate": false,
    "count": 0,
    "lang": "en",
    "updated": 0
  },
  {
    "id": "eb8ad3c9-412f-4933-ba08-5f449b620d8e",
    "data": [
      {
        "text": "what\u0027s your favorite dish ?",
        "userDefined": false
      }
    ],
    "isTemplate": false,
    "count": 0,
    "lang": "en",
    "updated": 0
  },
  {
    "id": "d9a1bedc-1a2d-401e-ba42-64cb1660ad2c",
    "data": [
      {
        "text": "show me the menu ?",
        "userDefined": false
      }
    ],
    "isTemplate": false,
    "count": 0,
    "lang": "en",
    "updated": 0
  },
  {
    "id": "8dd50442-1a70-4753-a9ab-73151533a62f",
    "data": [
      {
        "text": "menu?",
        "userDefined": false
      }
    ],
    "isTemplate": false,
    "count": 0,
    "lang": "en",
    "updated": 0
  },
  {
    "id": "1ced32a9-985c-4568-a002-22b2a2e9d9ea",
    "data": [
      {
        "text": "Menu Please?",
        "userDefined": false
      }
    ],
    "isTemplate": false,
    "count": 0,
    "lang": "en",
    "updated": 0
  }
]