[
  {
    "id": "46661cd4-a3ca-434c-818d-f74e0aae62e6",
    "data": [
      {
        "text": "dish",
        "meta": "@dish",
        "alias": "dish",
        "userDefined": true
      }
    ],
    "isTemplate": false,
    "count": 0,
    "lang": "en",
    "updated": 0
  },
  {
    "id": "3f6a5f05-981f-4054-81aa-fcdca4d4d194",
    "data": [
      {
        "text": "what is the rating of dish?",
        "userDefined": false
      }
    ],
    "isTemplate": false,
    "count": 0,
    "lang": "en",
    "updated": 0
  },
  {
    "id": "f0ee0b36-924b-40b1-89e5-a2bc873bcdaa",
    "data": [
      {
        "text": "show me the review of the dish",
        "userDefined": false
      }
    ],
    "isTemplate": false,
    "count": 0,
    "lang": "en",
    "updated": 0
  },
  {
    "id": "47f4b63f-27a2-4fa2-b3ed-8f39bc817713",
    "data": [
      {
        "text": "I would look for reviews of ordered food",
        "userDefined": false
      }
    ],
    "isTemplate": false,
    "count": 0,
    "lang": "en",
    "updated": 0
  },
  {
    "id": "035b5b4e-7762-49e6-aaf1-c0b227f85399",
    "data": [
      {
        "text": "I\u0027m looking for some food reviews",
        "userDefined": false
      }
    ],
    "isTemplate": false,
    "count": 0,
    "lang": "en",
    "updated": 0
  }
]