[
  {
    "id": "f322385f-355b-4329-845d-673944fb9921",
    "data": [
      {
        "text": "that\u0027s amazing!!",
        "userDefined": false
      }
    ],
    "isTemplate": false,
    "count": 0,
    "lang": "en",
    "updated": 0
  },
  {
    "id": "64898e02-7d23-4cf0-a60e-f2761aea2618",
    "data": [
      {
        "text": "wow would you love to try",
        "userDefined": false
      }
    ],
    "isTemplate": false,
    "count": 0,
    "lang": "en",
    "updated": 0
  },
  {
    "id": "352adcd2-29d0-4f81-b679-5afe43a79235",
    "data": [
      {
        "text": "wow",
        "userDefined": false
      }
    ],
    "isTemplate": false,
    "count": 0,
    "lang": "en",
    "updated": 0
  },
  {
    "id": "d57625fd-ffe1-4ab4-928d-a609656f1e75",
    "data": [
      {
        "text": "ok",
        "userDefined": false
      }
    ],
    "isTemplate": false,
    "count": 0,
    "lang": "en",
    "updated": 0
  }
]