[
  {
    "id": "0af557f4-0571-4f1b-8818-e48a5c7a5a74",
    "data": [
      {
        "text": "what\u0027s your name?",
        "userDefined": false
      }
    ],
    "isTemplate": false,
    "count": 0,
    "lang": "en",
    "updated": 0
  },
  {
    "id": "7f6e2597-5c7b-4a09-b285-dd494aa658d1",
    "data": [
      {
        "text": "app kun ho",
        "userDefined": false
      }
    ],
    "isTemplate": false,
    "count": 0,
    "lang": "en",
    "updated": 0
  },
  {
    "id": "53e82316-42b7-4aab-a78f-73aa1fad159e",
    "data": [
      {
        "text": "what are you doing here?",
        "userDefined": false
      }
    ],
    "isTemplate": false,
    "count": 0,
    "lang": "en",
    "updated": 0
  },
  {
    "id": "56b229ad-2e6b-4319-a232-e19bded3cff1",
    "data": [
      {
        "text": "who are you",
        "userDefined": false
      }
    ],
    "isTemplate": false,
    "count": 0,
    "lang": "en",
    "updated": 0
  }
]