[
  {
    "id": "f1b3b8c7-8599-41b1-84d3-a9d89fe8bb04",
    "data": [
      {
        "text": "funny",
        "userDefined": false
      }
    ],
    "isTemplate": false,
    "count": 0,
    "lang": "en",
    "updated": 0
  },
  {
    "id": "5729379b-0b4d-4448-80a8-7bc3a6f88c74",
    "data": [
      {
        "text": "so funny",
        "userDefined": false
      }
    ],
    "isTemplate": false,
    "count": 0,
    "lang": "en",
    "updated": 0
  },
  {
    "id": "02e83738-abc3-49f9-a0c6-f3f35b1831bf",
    "data": [
      {
        "text": "u r so funny",
        "userDefined": false
      }
    ],
    "isTemplate": false,
    "count": 0,
    "lang": "en",
    "updated": 0
  },
  {
    "id": "08ac0e92-6079-4da9-a381-eb31cd2f291f",
    "data": [
      {
        "text": "you are so funny",
        "userDefined": false
      }
    ],
    "isTemplate": false,
    "count": 0,
    "lang": "en",
    "updated": 0
  }
]